HeroID,Group,Game Date,Adj MMR Before
1,Specialist,2015-12-30,2152.601095903921
1,Specialist,2015-12-31,2175.278691422249
1,Specialist,2016-01-01,2170.514774883795
1,Specialist,2016-01-02,2177.859585445407
1,Specialist,2016-01-03,2171.9720928161255
1,Specialist,2016-01-04,2188.124342543262
1,Specialist,2016-01-05,2200.9471097703536
1,Specialist,2016-01-06,2194.8526830421783
1,Specialist,2016-01-07,2188.029877006675
1,Specialist,2016-01-08,2190.9608416883
1,Specialist,2016-01-09,2177.9324111299125
1,Specialist,2016-01-10,2192.8246725193194
1,Specialist,2016-01-11,2197.9107083432186
1,Specialist,2016-01-12,2223.4144599473116
1,Specialist,2016-01-13,2232.3610778874117
1,Specialist,2016-01-14,2231.6414511611265
1,Specialist,2016-01-15,2207.0081137377274
1,Specialist,2016-01-16,2196.6898434814543
1,Specialist,2016-01-17,2205.5846965890833
1,Specialist,2016-01-18,2220.3794576015166
1,Specialist,2016-01-19,2233.0445190458277
1,Specialist,2016-01-20,2246.44102370737
1,Specialist,2016-01-21,2232.1245387576087
1,Specialist,2016-01-22,2211.8237373908955
1,Specialist,2016-01-23,2217.3714746226156
1,Specialist,2016-01-24,2258.9689786199974
2,Warrior,2015-12-30,2022.7079482803263
2,Warrior,2015-12-31,2042.820081980163
2,Warrior,2016-01-01,2028.3220311110626
2,Warrior,2016-01-02,2032.3237826467991
2,Warrior,2016-01-03,2028.4807470915184
2,Warrior,2016-01-04,2026.637763163848
2,Warrior,2016-01-05,2016.7135969574222
2,Warrior,2016-01-06,1998.059966623794
2,Warrior,2016-01-07,2000.3944527366305
2,Warrior,2016-01-08,2005.9837806514995
2,Warrior,2016-01-09,1994.2345312414204
2,Warrior,2016-01-10,1998.818634857425
2,Warrior,2016-01-11,2009.0578077985192
2,Warrior,2016-01-12,2045.1292853986647
2,Warrior,2016-01-13,2036.1317389710505
2,Warrior,2016-01-14,2058.742175188222
2,Warrior,2016-01-15,2051.3067250272784
2,Warrior,2016-01-16,2060.72172828012
2,Warrior,2016-01-17,2054.0394879585615
2,Warrior,2016-01-18,2053.164559466448
2,Warrior,2016-01-19,2048.6819460100564
2,Warrior,2016-01-20,2060.9502829174044
2,Warrior,2016-01-21,2092.2749591438587
2,Warrior,2016-01-22,2062.960429411987
2,Warrior,2016-01-23,2080.1026842781775
2,Warrior,2016-01-24,2078.356946641321
3,Warrior,2015-12-30,2037.92469750554
3,Warrior,2015-12-31,2071.824481825484
3,Warrior,2016-01-01,2068.6831397486976
3,Warrior,2016-01-02,2072.3229252121737
3,Warrior,2016-01-03,2063.717989170093
3,Warrior,2016-01-04,2070.6304275632237
3,Warrior,2016-01-05,2100.282943058732
3,Warrior,2016-01-06,2093.589369249476
3,Warrior,2016-01-07,2080.738172015935
3,Warrior,2016-01-08,2098.306168972994
3,Warrior,2016-01-09,2066.86788112517
3,Warrior,2016-01-10,2075.2130260260524
3,Warrior,2016-01-11,2098.6633054107624
3,Warrior,2016-01-12,2065.051935538174
3,Warrior,2016-01-13,2066.4365932072806
3,Warrior,2016-01-14,2059.725093537847
3,Warrior,2016-01-15,2047.67970864701
3,Warrior,2016-01-16,2032.7590018076683
3,Warrior,2016-01-17,2031.3432125451727
3,Warrior,2016-01-18,2046.1482954242908
3,Warrior,2016-01-19,2072.700144873408
3,Warrior,2016-01-20,2125.83527014678
3,Warrior,2016-01-21,2131.1252999258
3,Warrior,2016-01-22,2093.1879148365865
3,Warrior,2016-01-23,2121.063451968147
3,Warrior,2016-01-24,2167.4944086035493
4,Specialist,2015-12-30,2038.9857437234818
4,Specialist,2015-12-31,2040.8921020083665
4,Specialist,2016-01-01,2042.1890023227886
4,Specialist,2016-01-02,2048.4289853736987
4,Specialist,2016-01-03,2052.4807739179228
4,Specialist,2016-01-04,2051.077074926212
4,Specialist,2016-01-05,2044.6767121467658
4,Specialist,2016-01-06,2048.8061441759633
4,Specialist,2016-01-07,2033.0816805898994
4,Specialist,2016-01-08,2032.256557848877
4,Specialist,2016-01-09,2034.3585031501386
4,Specialist,2016-01-10,2044.7232944666355
4,Specialist,2016-01-11,2046.3862800863476
4,Specialist,2016-01-12,2073.956803206273
4,Specialist,2016-01-13,2082.824275028542
4,Specialist,2016-01-14,2078.303159586451
4,Specialist,2016-01-15,2067.791997930779
4,Specialist,2016-01-16,2063.7610632844094
4,Specialist,2016-01-17,2073.5469535896027
4,Specialist,2016-01-18,2077.3136058332475
4,Specialist,2016-01-19,2085.967896605921
4,Specialist,2016-01-20,2115.42074910893
4,Specialist,2016-01-21,2098.9254836463883
4,Specialist,2016-01-22,2116.519616756274
4,Specialist,2016-01-23,2091.4341828610773
4,Specialist,2016-01-24,2122.351793222857
5,Support,2015-12-30,2039.8241570484079
5,Support,2015-12-31,2059.055416129167
5,Support,2016-01-01,2056.4860715290715
5,Support,2016-01-02,2053.42113183774
5,Support,2016-01-03,2062.673510497254
5,Support,2016-01-04,2086.0909525147367
5,Support,2016-01-05,2086.111084243812
5,Support,2016-01-06,2083.0664470142324
5,Support,2016-01-07,2065.441322095116
5,Support,2016-01-08,2075.760949909515
5,Support,2016-01-09,2081.0296646426054
5,Support,2016-01-10,2071.42604141336
5,Support,2016-01-11,2087.9940034081883
5,Support,2016-01-12,2065.230428980263
5,Support,2016-01-13,2078.987586721416
5,Support,2016-01-14,2069.3144863888065
5,Support,2016-01-15,2049.137523751069
5,Support,2016-01-16,2036.8041495695059
5,Support,2016-01-17,2048.0806506585595
5,Support,2016-01-18,2038.9762870335574
5,Support,2016-01-19,2088.386718854442
5,Support,2016-01-20,2216.2441936456626
5,Support,2016-01-21,2224.6716677935374
5,Support,2016-01-22,2192.358329270121
5,Support,2016-01-23,2179.116858850768
5,Support,2016-01-24,2207.5936437011483
6,Warrior,2015-12-30,2109.4692783274213
6,Warrior,2015-12-31,2172.4008468684297
6,Warrior,2016-01-01,2149.066358564416
6,Warrior,2016-01-02,2166.415063220625
6,Warrior,2016-01-03,2164.653966213848
6,Warrior,2016-01-04,2147.6913487036927
6,Warrior,2016-01-05,2195.595504668342
6,Warrior,2016-01-06,2181.181148194108
6,Warrior,2016-01-07,2180.8995299442527
6,Warrior,2016-01-08,2180.4219356253902
6,Warrior,2016-01-09,2165.5149656559597
6,Warrior,2016-01-10,2172.990116612971
6,Warrior,2016-01-11,2191.2304876360754
6,Warrior,2016-01-12,2203.3610920102187
6,Warrior,2016-01-13,2186.1161757587474
6,Warrior,2016-01-14,2196.5017873299666
6,Warrior,2016-01-15,2162.508433635674
6,Warrior,2016-01-16,2157.6122730543525
6,Warrior,2016-01-17,2161.611538734113
6,Warrior,2016-01-18,2166.693956049999
6,Warrior,2016-01-19,2169.7707372790273
6,Warrior,2016-01-20,2190.2940485836675
6,Warrior,2016-01-21,2217.3211215094793
6,Warrior,2016-01-22,2191.3128357310998
6,Warrior,2016-01-23,2193.5194879492174
6,Warrior,2016-01-24,2220.394871642311
7,Warrior,2015-12-30,2106.952796719575
7,Warrior,2015-12-31,2104.629628509376
7,Warrior,2016-01-01,2111.2980839375596
7,Warrior,2016-01-02,2118.5069880106485
7,Warrior,2016-01-03,2117.246100332545
7,Warrior,2016-01-04,2132.526710962018
7,Warrior,2016-01-05,2130.9229621009686
7,Warrior,2016-01-06,2143.0781072088125
7,Warrior,2016-01-07,2133.814127747363
7,Warrior,2016-01-08,2124.1580365842474
7,Warrior,2016-01-09,2121.3455923085585
7,Warrior,2016-01-10,2120.0026879288425
7,Warrior,2016-01-11,2134.956749236786
7,Warrior,2016-01-12,2085.8047757157824
7,Warrior,2016-01-13,2098.3750692692306
7,Warrior,2016-01-14,2102.4056930464835
7,Warrior,2016-01-15,2089.322180863002
7,Warrior,2016-01-16,2078.07697478491
7,Warrior,2016-01-17,2084.0924405321566
7,Warrior,2016-01-18,2098.3380472649555
7,Warrior,2016-01-19,2127.2809812713813
7,Warrior,2016-01-20,2139.797285444803
7,Warrior,2016-01-21,2111.7404540753587
7,Warrior,2016-01-22,2110.6201723279323
7,Warrior,2016-01-23,2108.8261628649407
7,Warrior,2016-01-24,2151.9389938423265
8,Warrior,2015-12-30,2033.977607355119
8,Warrior,2015-12-31,2040.2132224787806
8,Warrior,2016-01-01,2040.4490238897813
8,Warrior,2016-01-02,2031.2861427589298
8,Warrior,2016-01-03,2032.9985786101188
8,Warrior,2016-01-04,2043.1190595322155
8,Warrior,2016-01-05,2083.540452845365
8,Warrior,2016-01-06,2086.6218181682834
8,Warrior,2016-01-07,2078.340084737444
8,Warrior,2016-01-08,2073.0901054826327
8,Warrior,2016-01-09,2068.5401090034684
8,Warrior,2016-01-10,2062.668267258099
8,Warrior,2016-01-11,2076.0984489425337
8,Warrior,2016-01-12,2108.4659697097673
8,Warrior,2016-01-13,2110.0978396389332
8,Warrior,2016-01-14,2103.2910881662337
8,Warrior,2016-01-15,2083.9293005700165
8,Warrior,2016-01-16,2066.2853694027935
8,Warrior,2016-01-17,2096.6131704240647
8,Warrior,2016-01-18,2099.5599451202183
8,Warrior,2016-01-19,2063.4369614073676
8,Warrior,2016-01-20,2070.4830661182373
8,Warrior,2016-01-21,2080.914952707871
8,Warrior,2016-01-22,2058.2888215761377
8,Warrior,2016-01-23,2067.563995974704
8,Warrior,2016-01-24,2084.871657343302
9,Assassin,2015-12-30,2075.9896306087335
9,Assassin,2015-12-31,2082.0037686579985
9,Assassin,2016-01-01,2088.8796703690073
9,Assassin,2016-01-02,2097.8367366957295
9,Assassin,2016-01-03,2096.4843962208906
9,Assassin,2016-01-04,2106.9992269982768
9,Assassin,2016-01-05,2157.2624150256966
9,Assassin,2016-01-06,2159.223434577615
9,Assassin,2016-01-07,2164.354035636547
9,Assassin,2016-01-08,2173.7213759798274
9,Assassin,2016-01-09,2158.4082047404017
9,Assassin,2016-01-10,2168.6070349930174
9,Assassin,2016-01-11,2195.9161536717647
9,Assassin,2016-01-12,2199.9731772849805
9,Assassin,2016-01-13,2188.453496264285
9,Assassin,2016-01-14,2195.470448028994
9,Assassin,2016-01-15,2176.217463456325
9,Assassin,2016-01-16,2152.724987021938
9,Assassin,2016-01-17,2179.1412891114646
9,Assassin,2016-01-18,2189.9696231747407
9,Assassin,2016-01-19,2122.690716529278
9,Assassin,2016-01-20,2127.070485122617
9,Assassin,2016-01-21,2133.077341564483
9,Assassin,2016-01-22,2117.7196790434905
9,Assassin,2016-01-23,2129.1592539537482
9,Assassin,2016-01-24,2174.018998225076
10,Specialist,2015-12-30,1972.4885993377227
10,Specialist,2015-12-31,1993.9881518892644
10,Specialist,2016-01-01,1998.3780673806132
10,Specialist,2016-01-02,1995.7912858555562
10,Specialist,2016-01-03,1989.9790321998378
10,Specialist,2016-01-04,1992.859446698465
10,Specialist,2016-01-05,2000.9833519975161
10,Specialist,2016-01-06,2006.0249835009436
10,Specialist,2016-01-07,2005.0039310818336
10,Specialist,2016-01-08,2004.2200674908472
10,Specialist,2016-01-09,1996.1790235254712
10,Specialist,2016-01-10,1986.330302934891
10,Specialist,2016-01-11,2014.014566709922
10,Specialist,2016-01-12,2013.144105358572
10,Specialist,2016-01-13,2013.2608908517184
10,Specialist,2016-01-14,2016.2493203927052
10,Specialist,2016-01-15,1999.6825515015212
10,Specialist,2016-01-16,2006.391470081308
10,Specialist,2016-01-17,2005.83428159187
10,Specialist,2016-01-18,1996.6255638977698
10,Specialist,2016-01-19,2014.8193601463488
10,Specialist,2016-01-20,2028.2310845669049
10,Specialist,2016-01-21,2043.444417879617
10,Specialist,2016-01-22,2017.4490861242828
10,Specialist,2016-01-23,2035.9430433922212
10,Specialist,2016-01-24,2034.9043493635081
11,Assassin,2015-12-30,2001.5974378600863
11,Assassin,2015-12-31,2023.004748964136
11,Assassin,2016-01-01,2020.0299523075576
11,Assassin,2016-01-02,2021.917238195575
11,Assassin,2016-01-03,2026.2230791822735
11,Assassin,2016-01-04,2024.2830853195549
11,Assassin,2016-01-05,2055.3868282137614
11,Assassin,2016-01-06,2046.5309041431476
11,Assassin,2016-01-07,2057.217742824077
11,Assassin,2016-01-08,2048.8260930495044
11,Assassin,2016-01-09,2043.9579946193755
11,Assassin,2016-01-10,2045.8587082306215
11,Assassin,2016-01-11,2055.0419833599653
11,Assassin,2016-01-12,2058.374461315234
11,Assassin,2016-01-13,2078.5771169360496
11,Assassin,2016-01-14,2050.9210491760855
11,Assassin,2016-01-15,2031.0877529331449
11,Assassin,2016-01-16,2028.4901782350826
11,Assassin,2016-01-17,2042.379123129645
11,Assassin,2016-01-18,2040.5919179015325
11,Assassin,2016-01-19,2046.273975699236
11,Assassin,2016-01-20,2057.2298378256573
11,Assassin,2016-01-21,2074.387411838773
11,Assassin,2016-01-22,2063.57259387788
11,Assassin,2016-01-23,2068.4334942468877
11,Assassin,2016-01-24,2091.536579445828
12,Assassin,2015-12-30,1970.6960730907958
12,Assassin,2015-12-31,1984.7960967779632
12,Assassin,2016-01-01,1989.7979900353123
12,Assassin,2016-01-02,1988.9149098433782
12,Assassin,2016-01-03,1986.7444193038025
12,Assassin,2016-01-04,1991.2963719187405
12,Assassin,2016-01-05,2035.3228551297184
12,Assassin,2016-01-06,2040.2262256121417
12,Assassin,2016-01-07,2036.8079857764367
12,Assassin,2016-01-08,2032.8857237324983
12,Assassin,2016-01-09,2019.435305551988
12,Assassin,2016-01-10,2030.7525197961254
12,Assassin,2016-01-11,2045.167954451343
12,Assassin,2016-01-12,2049.464069691754
12,Assassin,2016-01-13,2048.290590111925
12,Assassin,2016-01-14,2060.8577235842126
12,Assassin,2016-01-15,2030.6338256522756
12,Assassin,2016-01-16,2019.046152647415
12,Assassin,2016-01-17,2042.5092433148818
12,Assassin,2016-01-18,2067.3199924057026
12,Assassin,2016-01-19,2070.553591653852
12,Assassin,2016-01-20,2077.3571148754518
12,Assassin,2016-01-21,2073.1549693453876
12,Assassin,2016-01-22,2066.3417262511125
12,Assassin,2016-01-23,2079.6701833991665
12,Assassin,2016-01-24,2109.081283670288
13,Warrior,2015-12-30,1958.3599601914698
13,Warrior,2015-12-31,1998.1194054485316
13,Warrior,2016-01-01,2002.33276164444
13,Warrior,2016-01-02,1995.1387390250914
13,Warrior,2016-01-03,1992.8112955160568
13,Warrior,2016-01-04,2004.7244911145076
13,Warrior,2016-01-05,2028.6351090098024
13,Warrior,2016-01-06,2022.0954404227132
13,Warrior,2016-01-07,2028.224148402486
13,Warrior,2016-01-08,2016.167727984019
13,Warrior,2016-01-09,2012.9012282429549
13,Warrior,2016-01-10,2018.4649283122858
13,Warrior,2016-01-11,2035.02393438067
13,Warrior,2016-01-12,2049.99639954421
13,Warrior,2016-01-13,2058.6196835840233
13,Warrior,2016-01-14,2050.0578443640493
13,Warrior,2016-01-15,2018.3339650970331
13,Warrior,2016-01-16,2011.3540991069942
13,Warrior,2016-01-17,2023.7676625659813
13,Warrior,2016-01-18,2057.490691460257
13,Warrior,2016-01-19,2058.014435720127
13,Warrior,2016-01-20,2075.026829835611
13,Warrior,2016-01-21,2076.1785975665894
13,Warrior,2016-01-22,2071.3613338190507
13,Warrior,2016-01-23,2069.9399855966985
13,Warrior,2016-01-24,2111.248219430788
14,Assassin,2015-12-30,2146.2205723941224
14,Assassin,2015-12-31,2160.9213739956026
14,Assassin,2016-01-01,2164.696688153575
14,Assassin,2016-01-02,2166.270133367478
14,Assassin,2016-01-03,2165.717258379551
14,Assassin,2016-01-04,2173.9866533340914
14,Assassin,2016-01-05,2184.2131285331284
14,Assassin,2016-01-06,2185.026157053718
14,Assassin,2016-01-07,2187.2119556709854
14,Assassin,2016-01-08,2179.27103716991
14,Assassin,2016-01-09,2171.8841663284006
14,Assassin,2016-01-10,2177.3845114617525
14,Assassin,2016-01-11,2187.7174053377175
14,Assassin,2016-01-12,2151.933145594433
14,Assassin,2016-01-13,2161.286449529378
14,Assassin,2016-01-14,2162.45540898955
14,Assassin,2016-01-15,2150.760985128308
14,Assassin,2016-01-16,2137.1528946804033
14,Assassin,2016-01-17,2154.5952929130835
14,Assassin,2016-01-18,2168.967711321751
14,Assassin,2016-01-19,2220.43677937422
14,Assassin,2016-01-20,2232.8128632442845
14,Assassin,2016-01-21,2224.575564231543
14,Assassin,2016-01-22,2221.130811045843
14,Assassin,2016-01-23,2227.3047049693314
14,Assassin,2016-01-24,2273.9619830165384
15,Assassin,2015-12-30,2032.7225746983545
15,Assassin,2015-12-31,2059.4613322801392
15,Assassin,2016-01-01,2049.371392216995
15,Assassin,2016-01-02,2036.9338901875503
15,Assassin,2016-01-03,2050.1113202733477
15,Assassin,2016-01-04,2057.061178474792
15,Assassin,2016-01-05,2056.5778443448403
15,Assassin,2016-01-06,2043.0464142029482
15,Assassin,2016-01-07,2069.5856517368443
15,Assassin,2016-01-08,2063.1212029045923
15,Assassin,2016-01-09,2057.651172223613
15,Assassin,2016-01-10,2056.33174437637
15,Assassin,2016-01-11,2073.816314961367
15,Assassin,2016-01-12,2085.083492137812
15,Assassin,2016-01-13,2080.029507248294
15,Assassin,2016-01-14,2088.760527743855
15,Assassin,2016-01-15,2063.551775742867
15,Assassin,2016-01-16,2044.9780120285545
15,Assassin,2016-01-17,2064.541916713277
15,Assassin,2016-01-18,2084.093149292497
15,Assassin,2016-01-19,2092.5059107269362
15,Assassin,2016-01-20,2091.9473651975304
15,Assassin,2016-01-21,2076.3346226430417
15,Assassin,2016-01-22,2088.9324122795438
15,Assassin,2016-01-23,2081.385127269703
15,Assassin,2016-01-24,2144.010705215507
16,Support,2015-12-30,2051.978078216139
16,Support,2015-12-31,2086.4328725829814
16,Support,2016-01-01,2095.079970328559
16,Support,2016-01-02,2089.6041331046504
16,Support,2016-01-03,2088.861802910139
16,Support,2016-01-04,2096.4085942772163
16,Support,2016-01-05,2100.199302803371
16,Support,2016-01-06,2118.9795917240917
16,Support,2016-01-07,2110.674595848311
16,Support,2016-01-08,2109.0653671099026
16,Support,2016-01-09,2100.200492260724
16,Support,2016-01-10,2098.442379479066
16,Support,2016-01-11,2122.2895817972935
16,Support,2016-01-12,2140.0263800179523
16,Support,2016-01-13,2152.991865691757
16,Support,2016-01-14,2143.9180966411477
16,Support,2016-01-15,2117.1606111929245
16,Support,2016-01-16,2102.530757066877
16,Support,2016-01-17,2116.26819519777
16,Support,2016-01-18,2126.3104543130603
16,Support,2016-01-19,2093.1054655620155
16,Support,2016-01-20,2096.9418514849235
16,Support,2016-01-21,2092.827223430028
16,Support,2016-01-22,2076.685417542199
16,Support,2016-01-23,2082.9970769335714
16,Support,2016-01-24,2135.231599786635
17,Warrior,2015-12-30,2051.5455084537584
17,Warrior,2015-12-31,2065.892304041313
17,Warrior,2016-01-01,2085.240685549861
17,Warrior,2016-01-02,2092.1293671960484
17,Warrior,2016-01-03,2099.2156645964087
17,Warrior,2016-01-04,2113.103869106129
17,Warrior,2016-01-05,2090.2281506081918
17,Warrior,2016-01-06,2090.995170302897
17,Warrior,2016-01-07,2080.086654590818
17,Warrior,2016-01-08,2073.9945504465236
17,Warrior,2016-01-09,2062.9219461010057
17,Warrior,2016-01-10,2070.224109862345
17,Warrior,2016-01-11,2096.4562901081904
17,Warrior,2016-01-12,2127.845808269755
17,Warrior,2016-01-13,2126.8190471402136
17,Warrior,2016-01-14,2137.477761125371
17,Warrior,2016-01-15,2111.337972590496
17,Warrior,2016-01-16,2097.0347908171916
17,Warrior,2016-01-17,2113.295606373302
17,Warrior,2016-01-18,2125.789715739232
17,Warrior,2016-01-19,2158.7178960376577
17,Warrior,2016-01-20,2163.8034947467945
17,Warrior,2016-01-21,2171.1808212115047
17,Warrior,2016-01-22,2154.4682137133273
17,Warrior,2016-01-23,2177.981289203513
17,Warrior,2016-01-24,2209.160207698228
18,Support,2015-12-30,1914.8406697927214
18,Support,2015-12-31,1911.4399584962637
18,Support,2016-01-01,1921.2944860221496
18,Support,2016-01-02,1898.9032200468037
18,Support,2016-01-03,1903.8601998340341
18,Support,2016-01-04,1899.8638797821402
18,Support,2016-01-05,1912.9040701367621
18,Support,2016-01-06,1910.2527691056202
18,Support,2016-01-07,1919.0610675878222
18,Support,2016-01-08,1910.6205488833928
18,Support,2016-01-09,1902.2451991006187
18,Support,2016-01-10,1899.6614741308645
18,Support,2016-01-11,1905.605005714582
18,Support,2016-01-12,1930.7846386709723
18,Support,2016-01-13,1949.2608499550852
18,Support,2016-01-14,1929.5943550887828
18,Support,2016-01-15,1906.5865968282224
18,Support,2016-01-16,1900.442022797336
18,Support,2016-01-17,1923.830683012609
18,Support,2016-01-18,1916.102649561695
18,Support,2016-01-19,1910.0175867595983
18,Support,2016-01-20,1929.9400072451033
18,Support,2016-01-21,1915.9306575941714
18,Support,2016-01-22,1925.6931473669276
18,Support,2016-01-23,1925.619340667926
18,Support,2016-01-24,1945.617487065903
19,Support,2015-12-30,1950.217654740894
19,Support,2015-12-31,1963.8392963627941
19,Support,2016-01-01,1966.950908847515
19,Support,2016-01-02,1978.378641820958
19,Support,2016-01-03,1968.8149154597277
19,Support,2016-01-04,1979.522197777162
19,Support,2016-01-05,1980.5566410857905
19,Support,2016-01-06,1977.2586498348267
19,Support,2016-01-07,1975.228416188238
19,Support,2016-01-08,1979.2407871648234
19,Support,2016-01-09,1971.4182609705033
19,Support,2016-01-10,1973.754557055454
19,Support,2016-01-11,1986.524334028096
19,Support,2016-01-12,1961.7657876950318
19,Support,2016-01-13,1959.349988525258
19,Support,2016-01-14,1958.9878028115163
19,Support,2016-01-15,1949.0713143702083
19,Support,2016-01-16,1954.040872104201
19,Support,2016-01-17,1964.3327997928614
19,Support,2016-01-18,1965.1809264998842
19,Support,2016-01-19,1978.6206060104232
19,Support,2016-01-20,2090.9891870594342
19,Support,2016-01-21,2155.4809418801797
19,Support,2016-01-22,2124.6406465495866
19,Support,2016-01-23,2104.1116147330713
19,Support,2016-01-24,2138.282597604092
20,Warrior,2015-12-30,2046.0651624432066
20,Warrior,2015-12-31,2059.648271279462
20,Warrior,2016-01-01,2076.128403023976
20,Warrior,2016-01-02,2075.248567231886
20,Warrior,2016-01-03,2071.489361221967
20,Warrior,2016-01-04,2086.460393233996
20,Warrior,2016-01-05,2072.2294706544785
20,Warrior,2016-01-06,2077.631760516234
20,Warrior,2016-01-07,2075.7192108263866
20,Warrior,2016-01-08,2064.7779071393497
20,Warrior,2016-01-09,2059.2731109863
20,Warrior,2016-01-10,2064.6927501324885
20,Warrior,2016-01-11,2076.852884318282
20,Warrior,2016-01-12,2106.2992782053466
20,Warrior,2016-01-13,2125.317423200153
20,Warrior,2016-01-14,2120.958573447814
20,Warrior,2016-01-15,2095.969067886922
20,Warrior,2016-01-16,2079.5435340508493
20,Warrior,2016-01-17,2113.568420096431
20,Warrior,2016-01-18,2127.4618812570066
20,Warrior,2016-01-19,2141.021102286394
20,Warrior,2016-01-20,2152.4995167055254
20,Warrior,2016-01-21,2134.05621743889
20,Warrior,2016-01-22,2131.2534190988904
20,Warrior,2016-01-23,2139.9922812845402
20,Warrior,2016-01-24,2194.914662225234
21,Specialist,2015-12-30,2110.3945470558056
21,Specialist,2015-12-31,2138.147495108608
21,Specialist,2016-01-01,2145.8755029436084
21,Specialist,2016-01-02,2153.0740441742673
21,Specialist,2016-01-03,2151.661907548532
21,Specialist,2016-01-04,2166.2166370456157
21,Specialist,2016-01-05,2165.611152004058
21,Specialist,2016-01-06,2158.083595161518
21,Specialist,2016-01-07,2153.6103511453643
21,Specialist,2016-01-08,2161.078433619337
21,Specialist,2016-01-09,2140.9514408745495
21,Specialist,2016-01-10,2151.5417071983866
21,Specialist,2016-01-11,2156.4817716905523
21,Specialist,2016-01-12,2161.0073965652914
21,Specialist,2016-01-13,2174.2653454344677
21,Specialist,2016-01-14,2163.305450252241
21,Specialist,2016-01-15,2160.5996992490936
21,Specialist,2016-01-16,2140.254646898434
21,Specialist,2016-01-17,2164.169343229236
21,Specialist,2016-01-18,2168.9623475226354
21,Specialist,2016-01-19,2184.331952447025
21,Specialist,2016-01-20,2189.249128672103
21,Specialist,2016-01-21,2170.5771855344365
21,Specialist,2016-01-22,2170.8922703275703
21,Specialist,2016-01-23,2178.4076028500926
21,Specialist,2016-01-24,2168.5274114762988
22,Specialist,2015-12-30,1997.100015923548
22,Specialist,2015-12-31,2025.5625116913727
22,Specialist,2016-01-01,2018.9288989037366
22,Specialist,2016-01-02,2013.937409884716
22,Specialist,2016-01-03,2015.7340922907385
22,Specialist,2016-01-04,2019.4020175830108
22,Specialist,2016-01-05,2054.92470034075
22,Specialist,2016-01-06,2050.889195987963
22,Specialist,2016-01-07,2068.7514248545804
22,Specialist,2016-01-08,2057.8393759593187
22,Specialist,2016-01-09,2046.2311541740694
22,Specialist,2016-01-10,2052.330695635089
22,Specialist,2016-01-11,2055.801394428954
22,Specialist,2016-01-12,2077.11646943252
22,Specialist,2016-01-13,2091.144297065288
22,Specialist,2016-01-14,2087.3857827685692
22,Specialist,2016-01-15,2070.019374215865
22,Specialist,2016-01-16,2066.5070639158625
22,Specialist,2016-01-17,2063.22718677826
22,Specialist,2016-01-18,2086.3291859452847
22,Specialist,2016-01-19,2062.583175971001
22,Specialist,2016-01-20,2064.778428233944
22,Specialist,2016-01-21,2060.192772620503
22,Specialist,2016-01-22,2056.7739707741657
22,Specialist,2016-01-23,2071.272022598185
22,Specialist,2016-01-24,2087.491197117382
23,Assassin,2015-12-30,2052.5970009052526
23,Assassin,2015-12-31,2056.3058975938507
23,Assassin,2016-01-01,2060.9418491310253
23,Assassin,2016-01-02,2057.9743596646094
23,Assassin,2016-01-03,2061.008019442064
23,Assassin,2016-01-04,2067.2742224905346
23,Assassin,2016-01-05,2053.196773069832
23,Assassin,2016-01-06,2054.9829863178234
23,Assassin,2016-01-07,2049.577914319677
23,Assassin,2016-01-08,2048.9962305476583
23,Assassin,2016-01-09,2050.56778887266
23,Assassin,2016-01-10,2048.998270569163
23,Assassin,2016-01-11,2062.287921834214
23,Assassin,2016-01-12,2079.757532919968
23,Assassin,2016-01-13,2093.4920489678348
23,Assassin,2016-01-14,2088.4025737379543
23,Assassin,2016-01-15,2074.1743021145235
23,Assassin,2016-01-16,2062.6439199473975
23,Assassin,2016-01-17,2080.4984801756104
23,Assassin,2016-01-18,2084.4605503207763
23,Assassin,2016-01-19,2094.0688570493894
23,Assassin,2016-01-20,2092.3733177339145
23,Assassin,2016-01-21,2095.2339146899076
23,Assassin,2016-01-22,2090.039110779306
23,Assassin,2016-01-23,2089.6730790698853
23,Assassin,2016-01-24,2117.4465981973635
24,Assassin,2015-12-30,2011.0102236273456
24,Assassin,2015-12-31,2044.2036123387807
24,Assassin,2016-01-01,2042.8466047911159
24,Assassin,2016-01-02,2044.427679101149
24,Assassin,2016-01-03,2050.723503434739
24,Assassin,2016-01-04,2048.8673989694944
24,Assassin,2016-01-05,2036.777516302385
24,Assassin,2016-01-06,2046.5828686387847
24,Assassin,2016-01-07,2047.073583798597
24,Assassin,2016-01-08,2044.4073380345499
24,Assassin,2016-01-09,2036.210674364092
24,Assassin,2016-01-10,2036.4439542090909
24,Assassin,2016-01-11,2055.445768796146
24,Assassin,2016-01-12,2069.2241101739214
24,Assassin,2016-01-13,2076.745865511017
24,Assassin,2016-01-14,2074.527511333093
24,Assassin,2016-01-15,2055.5579041780106
24,Assassin,2016-01-16,2051.9988179557954
24,Assassin,2016-01-17,2067.9565367913274
24,Assassin,2016-01-18,2090.9123228125613
24,Assassin,2016-01-19,2085.0371842741943
24,Assassin,2016-01-20,2092.4459504371853
24,Assassin,2016-01-21,2059.6730606337705
24,Assassin,2016-01-22,2064.192935462676
24,Assassin,2016-01-23,2064.8005314230586
24,Assassin,2016-01-24,2116.0378190450137
25,Support,2015-12-30,2055.10695955364
25,Support,2015-12-31,2054.2542019688535
25,Support,2016-01-01,2070.426375709075
25,Support,2016-01-02,2078.7671110621222
25,Support,2016-01-03,2063.350206420233
25,Support,2016-01-04,2067.64405537827
25,Support,2016-01-05,2019.9261338520482
25,Support,2016-01-06,2029.929670843626
25,Support,2016-01-07,2024.750467491755
25,Support,2016-01-08,2030.4766576288966
25,Support,2016-01-09,2028.0139546221858
25,Support,2016-01-10,2024.0657507393837
25,Support,2016-01-11,2037.4762711381115
25,Support,2016-01-12,2116.1655742068765
25,Support,2016-01-13,2114.6297525189257
25,Support,2016-01-14,2119.4047005368434
25,Support,2016-01-15,2089.1482069580456
25,Support,2016-01-16,2073.1374725876035
25,Support,2016-01-17,2091.4916181634862
25,Support,2016-01-18,2093.706130923044
25,Support,2016-01-19,2093.9024211696715
25,Support,2016-01-20,2106.635654839362
25,Support,2016-01-21,2114.714263361038
25,Support,2016-01-22,2126.205126774223
25,Support,2016-01-23,2114.3321730628036
25,Support,2016-01-24,2168.146211909484
26,Specialist,2015-12-30,1958.4883582432008
26,Specialist,2015-12-31,1977.31084647901
26,Specialist,2016-01-01,1978.286114406001
26,Specialist,2016-01-02,1978.4027579969036
26,Specialist,2016-01-03,1993.851503777541
26,Specialist,2016-01-04,1978.05904227882
26,Specialist,2016-01-05,1977.3800986623073
26,Specialist,2016-01-06,1987.0779662370694
26,Specialist,2016-01-07,1999.1768385885744
26,Specialist,2016-01-08,1985.4399422907804
26,Specialist,2016-01-09,1973.7136232783485
26,Specialist,2016-01-10,1975.3860141086427
26,Specialist,2016-01-11,1992.3061305830313
26,Specialist,2016-01-12,2001.2348147802034
26,Specialist,2016-01-13,2017.689575742634
26,Specialist,2016-01-14,1995.594919588518
26,Specialist,2016-01-15,1986.448400373694
26,Specialist,2016-01-16,1980.8212493813164
26,Specialist,2016-01-17,1992.3615204904681
26,Specialist,2016-01-18,1992.2260164171505
26,Specialist,2016-01-19,1983.3177998668814
26,Specialist,2016-01-20,1996.923569823631
26,Specialist,2016-01-21,1998.8134242835629
26,Specialist,2016-01-22,1998.6849037411287
26,Specialist,2016-01-23,1999.849265368283
26,Specialist,2016-01-24,2046.242950683028
27,Warrior,2015-12-30,2056.354520276023
27,Warrior,2015-12-31,2089.979561477746
27,Warrior,2016-01-01,2098.566626733488
27,Warrior,2016-01-02,2084.206924825654
27,Warrior,2016-01-03,2084.632055435918
27,Warrior,2016-01-04,2087.4593342646604
27,Warrior,2016-01-05,2105.522525131549
27,Warrior,2016-01-06,2113.281326660642
27,Warrior,2016-01-07,2096.176969877263
27,Warrior,2016-01-08,2097.991889345513
27,Warrior,2016-01-09,2089.581574301081
27,Warrior,2016-01-10,2091.279718910232
27,Warrior,2016-01-11,2110.9480278355536
27,Warrior,2016-01-12,2115.4735154533837
27,Warrior,2016-01-13,2111.5749686089925
27,Warrior,2016-01-14,2122.687569721167
27,Warrior,2016-01-15,2097.752080661685
27,Warrior,2016-01-16,2087.2937655261594
27,Warrior,2016-01-17,2092.6694920502923
27,Warrior,2016-01-18,2111.9988137130313
27,Warrior,2016-01-19,2112.872141478778
27,Warrior,2016-01-20,2114.6016683987336
27,Warrior,2016-01-21,2134.217312359578
27,Warrior,2016-01-22,2117.2320036757283
27,Warrior,2016-01-23,2122.93169207792
27,Warrior,2016-01-24,2166.823991240298
28,Warrior,2015-12-30,2046.3980171562494
28,Warrior,2015-12-31,2075.609006719362
28,Warrior,2016-01-01,2081.823724412853
28,Warrior,2016-01-02,2069.5539930755913
28,Warrior,2016-01-03,2073.4494337354745
28,Warrior,2016-01-04,2078.555816356948
28,Warrior,2016-01-05,2089.4475251736903
28,Warrior,2016-01-06,2084.524515149454
28,Warrior,2016-01-07,2086.7109684962597
28,Warrior,2016-01-08,2092.9323993448843
28,Warrior,2016-01-09,2074.904669679315
28,Warrior,2016-01-10,2084.265721938441
28,Warrior,2016-01-11,2093.9441233634884
28,Warrior,2016-01-12,2102.6966225795336
28,Warrior,2016-01-13,2093.8418011143667
28,Warrior,2016-01-14,2104.5334900675775
28,Warrior,2016-01-15,2102.134447379775
28,Warrior,2016-01-16,2086.464940380725
28,Warrior,2016-01-17,2111.8042608509027
28,Warrior,2016-01-18,2111.839420566834
28,Warrior,2016-01-19,2067.4973134221755
28,Warrior,2016-01-20,2112.846892533358
28,Warrior,2016-01-21,2149.911242163448
28,Warrior,2016-01-22,2122.8659701938727
28,Warrior,2016-01-23,2133.2049533125705
28,Warrior,2016-01-24,2161.842370310807
29,Specialist,2015-12-30,1932.7176702265767
29,Specialist,2015-12-31,1966.2836825487166
29,Specialist,2016-01-01,1962.3884478620332
29,Specialist,2016-01-02,1966.775633390754
29,Specialist,2016-01-03,1963.0670651029945
29,Specialist,2016-01-04,1969.2173905576942
29,Specialist,2016-01-05,1966.16576432543
29,Specialist,2016-01-06,1971.1991271204074
29,Specialist,2016-01-07,1965.2272466055776
29,Specialist,2016-01-08,1967.164460708305
29,Specialist,2016-01-09,1967.8235907819715
29,Specialist,2016-01-10,1959.4445921036552
29,Specialist,2016-01-11,1970.8036348028447
29,Specialist,2016-01-12,1987.08049682739
29,Specialist,2016-01-13,1993.1165765811702
29,Specialist,2016-01-14,1988.6151044000462
29,Specialist,2016-01-15,1977.7971194602726
29,Specialist,2016-01-16,1962.5550934311702
29,Specialist,2016-01-17,1970.6002256126594
29,Specialist,2016-01-18,1978.444498111678
29,Specialist,2016-01-19,1980.7463332993364
29,Specialist,2016-01-20,2000.2697845993766
29,Specialist,2016-01-21,2003.1633959472395
29,Specialist,2016-01-22,1994.9168017304662
29,Specialist,2016-01-23,1996.6682047572372
29,Specialist,2016-01-24,2054.9702401588306
30,Support,2015-12-30,2034.4046397638836
30,Support,2015-12-31,2061.6146436927947
30,Support,2016-01-01,2068.3405219123233
30,Support,2016-01-02,2068.084419748007
30,Support,2016-01-03,2070.9944383750967
30,Support,2016-01-04,2083.0627559171703
30,Support,2016-01-05,2148.882098109186
30,Support,2016-01-06,2155.6787252335903
30,Support,2016-01-07,2145.8561991343468
30,Support,2016-01-08,2139.8947774102694
30,Support,2016-01-09,2129.8601786275717
30,Support,2016-01-10,2144.2185392652436
30,Support,2016-01-11,2170.1451221490806
30,Support,2016-01-12,2165.997295416548
30,Support,2016-01-13,2177.6711917678563
30,Support,2016-01-14,2168.2308674500905
30,Support,2016-01-15,2149.5699730367865
30,Support,2016-01-16,2138.5330901406332
30,Support,2016-01-17,2150.37111491299
30,Support,2016-01-18,2159.9158897809534
30,Support,2016-01-19,2113.7348197691886
30,Support,2016-01-20,2108.6026600226737
30,Support,2016-01-21,2101.371224396202
30,Support,2016-01-22,2104.4089677525976
30,Support,2016-01-23,2116.217899316614
30,Support,2016-01-24,2134.988990516777
31,Assassin,2015-12-30,1867.4664822524555
31,Assassin,2015-12-31,1891.6233670341098
31,Assassin,2016-01-01,1897.9966907030425
31,Assassin,2016-01-02,1885.2248297209842
31,Assassin,2016-01-03,1882.1456843417361
31,Assassin,2016-01-04,1896.1386147249166
31,Assassin,2016-01-05,1896.7921687761007
31,Assassin,2016-01-06,1897.4962383124705
31,Assassin,2016-01-07,1895.9868584292235
31,Assassin,2016-01-08,1900.7787245179993
31,Assassin,2016-01-09,1909.907800180036
31,Assassin,2016-01-10,1895.2433148923478
31,Assassin,2016-01-11,1922.6145381936744
31,Assassin,2016-01-12,1984.677684625123
31,Assassin,2016-01-13,1976.7731882896815
31,Assassin,2016-01-14,1954.1705867179703
31,Assassin,2016-01-15,1937.0984468693948
31,Assassin,2016-01-16,1932.773899345632
31,Assassin,2016-01-17,1932.847492335523
31,Assassin,2016-01-18,1935.2828865371898
31,Assassin,2016-01-19,1890.8196604358693
31,Assassin,2016-01-20,1905.2413719016856
31,Assassin,2016-01-21,1899.3349587679459
31,Assassin,2016-01-22,1896.5596343739362
31,Assassin,2016-01-23,1908.8491333163734
31,Assassin,2016-01-24,1970.4140521708941
32,Specialist,2015-12-30,2194.262414918742
32,Specialist,2015-12-31,2204.964592469414
32,Specialist,2016-01-01,2194.9517814837377
32,Specialist,2016-01-02,2212.9625617106335
32,Specialist,2016-01-03,2202.625727088658
32,Specialist,2016-01-04,2217.461340712229
32,Specialist,2016-01-05,2214.1725663770344
32,Specialist,2016-01-06,2218.5131738600267
32,Specialist,2016-01-07,2205.0840985004265
32,Specialist,2016-01-08,2207.0583639801234
32,Specialist,2016-01-09,2215.8477390067023
32,Specialist,2016-01-10,2208.2697078168844
32,Specialist,2016-01-11,2227.8438280442865
32,Specialist,2016-01-12,2257.292540514432
32,Specialist,2016-01-13,2242.694617543641
32,Specialist,2016-01-14,2253.9113433165303
32,Specialist,2016-01-15,2231.699781351155
32,Specialist,2016-01-16,2227.6896877043528
32,Specialist,2016-01-17,2253.6429978462015
32,Specialist,2016-01-18,2251.9784917232582
32,Specialist,2016-01-19,2292.1283690379746
32,Specialist,2016-01-20,2268.597361868949
32,Specialist,2016-01-21,2257.0973898938673
32,Specialist,2016-01-22,2297.838652130292
32,Specialist,2016-01-23,2274.38690169562
32,Specialist,2016-01-24,2353.499072356215
33,Assassin,2015-12-30,2113.928821651875
33,Assassin,2015-12-31,2137.7194132660816
33,Assassin,2016-01-01,2137.3061132760545
33,Assassin,2016-01-02,2136.0556262709038
33,Assassin,2016-01-03,2133.2527829306464
33,Assassin,2016-01-04,2142.6326213103007
33,Assassin,2016-01-05,2106.1229372120883
33,Assassin,2016-01-06,2102.290197251383
33,Assassin,2016-01-07,2096.025196193155
33,Assassin,2016-01-08,2092.5690740310165
33,Assassin,2016-01-09,2084.817885718851
33,Assassin,2016-01-10,2083.878146366341
33,Assassin,2016-01-11,2091.98039569464
33,Assassin,2016-01-12,2146.956980056336
33,Assassin,2016-01-13,2148.6787952693985
33,Assassin,2016-01-14,2156.644056231881
33,Assassin,2016-01-15,2137.9359147870314
33,Assassin,2016-01-16,2135.694558862325
33,Assassin,2016-01-17,2144.5696664474617
33,Assassin,2016-01-18,2171.472893741421
33,Assassin,2016-01-19,2190.9410943911907
33,Assassin,2016-01-20,2188.853570763837
33,Assassin,2016-01-21,2189.2964421516117
33,Assassin,2016-01-22,2197.022258565743
33,Assassin,2016-01-23,2186.4989152709177
33,Assassin,2016-01-24,2249.1106990963654
34,Assassin,2015-12-30,1968.3655317086493
34,Assassin,2015-12-31,1989.0090418850086
34,Assassin,2016-01-01,1994.6005260109032
34,Assassin,2016-01-02,1994.9208538740781
34,Assassin,2016-01-03,1991.3332957054452
34,Assassin,2016-01-04,1990.4310090638257
34,Assassin,2016-01-05,1996.9663863984324
34,Assassin,2016-01-06,1993.520286725189
34,Assassin,2016-01-07,2006.3907212946406
34,Assassin,2016-01-08,2013.433095456362
34,Assassin,2016-01-09,1994.4822094228941
34,Assassin,2016-01-10,2006.9798807002724
34,Assassin,2016-01-11,2005.604211068649
34,Assassin,2016-01-12,1997.4163782542205
34,Assassin,2016-01-13,2001.5139339305147
34,Assassin,2016-01-14,1998.5003673841227
34,Assassin,2016-01-15,1980.8936619047956
34,Assassin,2016-01-16,1982.0425411231074
34,Assassin,2016-01-17,1983.74659570495
34,Assassin,2016-01-18,1996.3813930986378
34,Assassin,2016-01-19,1997.925107229093
34,Assassin,2016-01-20,2046.6641137688136
34,Assassin,2016-01-21,2022.3462978063167
34,Assassin,2016-01-22,2041.3099353270234
34,Assassin,2016-01-23,2030.552085745238
34,Assassin,2016-01-24,2066.507393786808
35,Warrior,2015-12-30,1983.0098789459691
35,Warrior,2015-12-31,2016.2407573630671
35,Warrior,2016-01-01,2019.4469096947662
35,Warrior,2016-01-02,2020.8756252693856
35,Warrior,2016-01-03,2012.0532733525977
35,Warrior,2016-01-04,2020.999833648489
35,Warrior,2016-01-05,2022.4561306925675
35,Warrior,2016-01-06,2046.3495865984423
35,Warrior,2016-01-07,2027.536246586073
35,Warrior,2016-01-08,2032.2741720206798
35,Warrior,2016-01-09,2009.2165293953133
35,Warrior,2016-01-10,2011.193709237176
35,Warrior,2016-01-11,2010.467622440631
35,Warrior,2016-01-12,2038.329214814623
35,Warrior,2016-01-13,2045.4183616455994
35,Warrior,2016-01-14,2048.1177007374727
35,Warrior,2016-01-15,2051.60351125958
35,Warrior,2016-01-16,2018.8087493210483
35,Warrior,2016-01-17,2031.8475853094271
35,Warrior,2016-01-18,2051.822734958089
35,Warrior,2016-01-19,2057.4097604962003
35,Warrior,2016-01-20,2033.1340642624737
35,Warrior,2016-01-21,2062.662204537887
35,Warrior,2016-01-22,2052.4460231530657
35,Warrior,2016-01-23,2065.8360501230345
35,Warrior,2016-01-24,2106.3434292691823
36,Support,2015-12-30,2202.919842092047
36,Support,2015-12-31,2221.0365730999692
36,Support,2016-01-01,2224.4661659129742
36,Support,2016-01-02,2230.3233348093395
36,Support,2016-01-03,2228.608086332323
36,Support,2016-01-04,2236.8904729925666
36,Support,2016-01-05,2182.9077435877284
36,Support,2016-01-06,2180.0111073824196
36,Support,2016-01-07,2178.7329955656237
36,Support,2016-01-08,2179.2186813131725
36,Support,2016-01-09,2172.14649018119
36,Support,2016-01-10,2176.2659502364104
36,Support,2016-01-11,2187.892705149796
36,Support,2016-01-12,2247.4327599934627
36,Support,2016-01-13,2255.771756312294
36,Support,2016-01-14,2255.1666280418526
36,Support,2016-01-15,2233.5570799175057
36,Support,2016-01-16,2220.7278037788915
36,Support,2016-01-17,2236.6634583205896
36,Support,2016-01-18,2246.099801909041
36,Support,2016-01-19,2265.328299372812
36,Support,2016-01-20,2266.2322326059293
36,Support,2016-01-21,2249.6382954620753
36,Support,2016-01-22,2241.1994405915348
36,Support,2016-01-23,2240.480650223272
36,Support,2016-01-24,2311.8222163527344
37,Support,2015-12-30,2016.5438176386792
37,Support,2015-12-31,2055.540191200541
37,Support,2016-01-01,2053.3758347589455
37,Support,2016-01-02,2056.446257058159
37,Support,2016-01-03,2062.75577628626
37,Support,2016-01-04,2072.2376680307775
37,Support,2016-01-05,2138.5599026259356
37,Support,2016-01-06,2130.8284082571254
37,Support,2016-01-07,2139.6198756692997
37,Support,2016-01-08,2125.8407490471845
37,Support,2016-01-09,2114.9704912607494
37,Support,2016-01-10,2120.56072253637
37,Support,2016-01-11,2145.992695526805
37,Support,2016-01-12,2173.6641704637323
37,Support,2016-01-13,2183.3523275100824
37,Support,2016-01-14,2169.510968827277
37,Support,2016-01-15,2138.042450617896
37,Support,2016-01-16,2128.252765796938
37,Support,2016-01-17,2141.8583020077303
37,Support,2016-01-18,2165.0854084401344
37,Support,2016-01-19,2180.569330492289
37,Support,2016-01-20,2194.9491920074893
37,Support,2016-01-21,2189.34653823765
37,Support,2016-01-22,2179.2659175098024
37,Support,2016-01-23,2183.398360742996
37,Support,2016-01-24,2237.8496094486595
38,Assassin,2015-12-30,1955.3782335565297
38,Assassin,2015-12-31,1962.6230336289807
38,Assassin,2016-01-01,1962.5697784265922
38,Assassin,2016-01-02,1959.136665968161
38,Assassin,2016-01-03,1961.0110780831305
38,Assassin,2016-01-04,1967.8006223246757
38,Assassin,2016-01-05,1975.8876354146316
38,Assassin,2016-01-06,1982.710795016443
38,Assassin,2016-01-07,1974.3160820504693
38,Assassin,2016-01-08,1982.6014991540792
38,Assassin,2016-01-09,1976.0184121651016
38,Assassin,2016-01-10,1982.2857401199044
38,Assassin,2016-01-11,1993.2825813372701
38,Assassin,2016-01-12,1972.9397563754655
38,Assassin,2016-01-13,1983.800318634817
38,Assassin,2016-01-14,1975.8285233741715
38,Assassin,2016-01-15,1965.0774428802304
38,Assassin,2016-01-16,1960.4841921699276
38,Assassin,2016-01-17,1970.4526256719741
38,Assassin,2016-01-18,1987.9169665720192
38,Assassin,2016-01-19,2003.155297109767
38,Assassin,2016-01-20,2018.1925724535351
38,Assassin,2016-01-21,2012.6142020425877
38,Assassin,2016-01-22,1999.1996571269203
38,Assassin,2016-01-23,2018.8605377908132
38,Assassin,2016-01-24,2039.039909855407
39,Specialist,2015-12-30,2103.783509895834
39,Specialist,2015-12-31,2099.9485919215676
39,Specialist,2016-01-01,2105.7146959361553
39,Specialist,2016-01-02,2101.074221359721
39,Specialist,2016-01-03,2103.563394054086
39,Specialist,2016-01-04,2117.4568444851698
39,Specialist,2016-01-05,2120.5504015024835
39,Specialist,2016-01-06,2122.3878995742784
39,Specialist,2016-01-07,2122.3683004731456
39,Specialist,2016-01-08,2119.3736405194436
39,Specialist,2016-01-09,2110.107170284388
39,Specialist,2016-01-10,2117.3477989320004
39,Specialist,2016-01-11,2132.0100541740776
39,Specialist,2016-01-12,2135.3544333635186
39,Specialist,2016-01-13,2150.363013679489
39,Specialist,2016-01-14,2141.9148850806787
39,Specialist,2016-01-15,2125.6177309210507
39,Specialist,2016-01-16,2120.1814873943867
39,Specialist,2016-01-17,2134.1987008563774
39,Specialist,2016-01-18,2143.957575477771
39,Specialist,2016-01-19,2109.3212803607503
39,Specialist,2016-01-20,2118.236879433282
39,Specialist,2016-01-21,2119.467992796332
39,Specialist,2016-01-22,2114.084385299902
39,Specialist,2016-01-23,2115.6451943119973
39,Specialist,2016-01-24,2141.742400324892
40,Assassin,2015-12-30,2019.094085548395
40,Assassin,2015-12-31,2028.7491601927834
40,Assassin,2016-01-01,2024.10561866771
40,Assassin,2016-01-02,2025.5223619447581
40,Assassin,2016-01-03,2026.744726236602
40,Assassin,2016-01-04,2035.5912902939037
40,Assassin,2016-01-05,2049.528759496981
40,Assassin,2016-01-06,2055.5654583919486
40,Assassin,2016-01-07,2059.8516538770978
40,Assassin,2016-01-08,2052.8666799975654
40,Assassin,2016-01-09,2049.5930214314776
40,Assassin,2016-01-10,2053.7756011079855
40,Assassin,2016-01-11,2072.97641108845
40,Assassin,2016-01-12,2062.4300542550495
40,Assassin,2016-01-13,2075.5773322045843
40,Assassin,2016-01-14,2071.2735090563406
40,Assassin,2016-01-15,2045.3679789527675
40,Assassin,2016-01-16,2031.8035585329735
40,Assassin,2016-01-17,2048.964499919078
40,Assassin,2016-01-18,2066.12144395016
40,Assassin,2016-01-19,2094.5769562239043
40,Assassin,2016-01-20,2089.7501361706827
40,Assassin,2016-01-21,2081.0382351231
40,Assassin,2016-01-22,2082.590828358148
40,Assassin,2016-01-23,2085.7121138460484
40,Assassin,2016-01-24,2137.419848740729
41,Warrior,2015-12-30,2134.6335648691093
41,Warrior,2015-12-31,2123.089718377136
41,Warrior,2016-01-01,2120.7445278463774
41,Warrior,2016-01-02,2130.781271354938
41,Warrior,2016-01-03,2121.6968721685016
41,Warrior,2016-01-04,2109.8832910571336
41,Warrior,2016-01-05,2119.6968272657296
41,Warrior,2016-01-06,2125.023519854458
41,Warrior,2016-01-07,2130.5629287876445
41,Warrior,2016-01-08,2143.17141684523
41,Warrior,2016-01-09,2131.8082328089235
41,Warrior,2016-01-10,2111.502958306641
41,Warrior,2016-01-11,2131.6267755853564
41,Warrior,2016-01-12,2130.6348210955716
41,Warrior,2016-01-13,2139.495872739452
41,Warrior,2016-01-14,2141.6203315161347
41,Warrior,2016-01-15,2115.587391815492
41,Warrior,2016-01-16,2125.9619855788656
41,Warrior,2016-01-17,2148.4201396544167
41,Warrior,2016-01-18,2128.9738974692104
41,Warrior,2016-01-19,2101.1478075382056
41,Warrior,2016-01-20,2116.47883257094
41,Warrior,2016-01-21,2104.463421726064
41,Warrior,2016-01-22,2090.817792028785
41,Warrior,2016-01-23,2097.383524047032
41,Warrior,2016-01-24,2103.6103228829847
42,Support,2015-12-30,1961.1389627424903
42,Support,2015-12-31,1988.1676762923491
42,Support,2016-01-01,1972.0500912346995
42,Support,2016-01-02,1972.4116338685535
42,Support,2016-01-03,1981.4502476133407
42,Support,2016-01-04,1978.2396564029812
42,Support,2016-01-05,1994.8060394816637
42,Support,2016-01-06,1994.1070767354609
42,Support,2016-01-07,1977.1668618328295
42,Support,2016-01-08,1985.0536949931318
42,Support,2016-01-09,1969.1527717273077
42,Support,2016-01-10,1974.0280247209796
42,Support,2016-01-11,1983.3619758626678
42,Support,2016-01-12,2036.8383929315235
42,Support,2016-01-13,2039.2191480477954
42,Support,2016-01-14,2025.9673684336483
42,Support,2016-01-15,1994.3185358650233
42,Support,2016-01-16,1986.145792414161
42,Support,2016-01-17,1990.9952740832518
42,Support,2016-01-18,2001.828574711441
42,Support,2016-01-19,1986.544527615879
42,Support,2016-01-20,2031.8272720817363
42,Support,2016-01-21,2020.215715448878
42,Support,2016-01-22,2014.8872178689335
42,Support,2016-01-23,2010.744510775302
42,Support,2016-01-24,2050.7294198110717
43,Warrior,2015-12-30,2048.6584306881846
43,Warrior,2015-12-31,2083.6369150563833
43,Warrior,2016-01-01,2091.540644315582
43,Warrior,2016-01-02,2069.916637698472
43,Warrior,2016-01-03,2075.8676283454265
43,Warrior,2016-01-04,2080.2195008809294
43,Warrior,2016-01-05,2086.8986609912063
43,Warrior,2016-01-06,2093.218097915329
43,Warrior,2016-01-07,2087.2353627353014
43,Warrior,2016-01-08,2081.856385765388
43,Warrior,2016-01-09,2074.672966022758
43,Warrior,2016-01-10,2082.823043159509
43,Warrior,2016-01-11,2086.867168004498
43,Warrior,2016-01-12,2102.926303748366
43,Warrior,2016-01-13,2110.051725206971
43,Warrior,2016-01-14,2080.890179257706
43,Warrior,2016-01-15,2056.4225696769386
43,Warrior,2016-01-16,2048.195492516082
43,Warrior,2016-01-17,2051.057755185371
43,Warrior,2016-01-18,2068.5796071424934
43,Warrior,2016-01-19,2084.242634152525
43,Warrior,2016-01-20,2083.0964500478285
43,Warrior,2016-01-21,2107.443454651048
43,Warrior,2016-01-22,2098.55376743192
43,Warrior,2016-01-23,2095.809604542252
43,Warrior,2016-01-24,2107.485877323109
44,Warrior,2015-12-30,2149.5436056018248
44,Warrior,2015-12-31,2173.3179392762654
44,Warrior,2016-01-01,2140.674623209912
44,Warrior,2016-01-02,2135.5423762784876
44,Warrior,2016-01-03,2149.66679151889
44,Warrior,2016-01-04,2156.225457340656
44,Warrior,2016-01-05,2150.3306610619397
44,Warrior,2016-01-06,2162.9120660144913
44,Warrior,2016-01-07,2155.761919246789
44,Warrior,2016-01-08,2170.8399052421396
44,Warrior,2016-01-09,2151.1789138421814
44,Warrior,2016-01-10,2128.480467019773
44,Warrior,2016-01-11,2155.6401626534525
44,Warrior,2016-01-12,2173.1877584433605
44,Warrior,2016-01-13,2213.733061666821
44,Warrior,2016-01-14,2222.9118813696236
44,Warrior,2016-01-15,2187.2611418525153
44,Warrior,2016-01-16,2168.9628731169896
44,Warrior,2016-01-17,2212.0735324334414
44,Warrior,2016-01-18,2198.24687600869
44,Warrior,2016-01-19,2201.1810755771953
44,Warrior,2016-01-20,2226.2473250064845
44,Warrior,2016-01-21,2235.726947539509
44,Warrior,2016-01-22,2242.6651656842164
44,Warrior,2016-01-23,2218.8075084162
44,Warrior,2016-01-24,2185.1452201786683
45,Assassin,2015-12-30,1965.7502622834118
45,Assassin,2015-12-31,2004.4679121646343
45,Assassin,2016-01-01,1988.581532639283
45,Assassin,2016-01-02,1987.741420803659
45,Assassin,2016-01-03,2004.4876943318823
45,Assassin,2016-01-04,2004.133097590396
45,Assassin,2016-01-05,1996.6861362064833
45,Assassin,2016-01-06,2010.9652135564602
45,Assassin,2016-01-07,2009.7661182490244
45,Assassin,2016-01-08,2004.2462052371416
45,Assassin,2016-01-09,1988.7356773055967
45,Assassin,2016-01-10,1969.8087001706401
45,Assassin,2016-01-11,1985.8661413943
45,Assassin,2016-01-12,2005.4334688581278
45,Assassin,2016-01-13,2056.2561112120716
45,Assassin,2016-01-14,2043.4284630226446
45,Assassin,2016-01-15,2006.3851642429777
45,Assassin,2016-01-16,2010.005553622095
45,Assassin,2016-01-17,2027.9898392503546
45,Assassin,2016-01-18,2051.724563820931
45,Assassin,2016-01-19,2054.317203329394
45,Assassin,2016-01-20,2057.9030143348405
45,Assassin,2016-01-21,2059.0483456152188
45,Assassin,2016-01-22,2076.034631563415
45,Assassin,2016-01-23,2066.80675490446
45,Assassin,2016-01-24,2033.8534012968053
46,Assassin,2015-12-30,2091.5714705985865
46,Assassin,2015-12-31,2130.8079556023436
46,Assassin,2016-01-01,2128.930853693676
46,Assassin,2016-01-02,2129.225407688975
46,Assassin,2016-01-03,2131.6696026011477
46,Assassin,2016-01-04,2131.4129178292847
46,Assassin,2016-01-05,2120.528734998504
46,Assassin,2016-01-06,2122.3952067647683
46,Assassin,2016-01-07,2115.3627299961677
46,Assassin,2016-01-08,2122.9433679355056
46,Assassin,2016-01-09,2124.6924172739377
46,Assassin,2016-01-10,2113.7050357038634
46,Assassin,2016-01-11,2131.2049956557503
46,Assassin,2016-01-12,2140.451517253938
46,Assassin,2016-01-13,2148.48524728652
46,Assassin,2016-01-14,2146.462059722302
46,Assassin,2016-01-15,2128.9717718593984
46,Assassin,2016-01-16,2123.006924629979
46,Assassin,2016-01-17,2115.055000132586
46,Assassin,2016-01-18,2131.196729454624
46,Assassin,2016-01-19,2141.236671101808
46,Assassin,2016-01-20,2176.3516467054965
46,Assassin,2016-01-21,2201.2343368561637
46,Assassin,2016-01-22,2173.576826134693
46,Assassin,2016-01-23,2164.1085210059623
46,Assassin,2016-01-24,2164.295168029867
47,Assassin,2016-01-07,1707.8333333333333
47,Assassin,2016-01-10,2485.0
47,Assassin,2016-01-11,2929.5588235294117
47,Assassin,2016-01-12,2253.8349085598124
47,Assassin,2016-01-13,2251.031583502515
47,Assassin,2016-01-14,2233.0961164773144
47,Assassin,2016-01-15,2203.1542842996
47,Assassin,2016-01-16,2181.8641297360477
47,Assassin,2016-01-17,2181.6548548678884
47,Assassin,2016-01-18,2188.3288194931683
47,Assassin,2016-01-19,2190.6980282839054
47,Assassin,2016-01-20,2210.5632121205995
47,Assassin,2016-01-21,2188.3819105931802
47,Assassin,2016-01-22,2186.321516905076
47,Assassin,2016-01-23,2175.0911720775784
47,Assassin,2016-01-24,2202.8389152204795
